group,n,left_wins,right_wins,timeouts,draws,left_win_rate,win_ci_low,win_ci_high,mean_rounds,median_contact_activation_observed,mean_contact_activation_observed,contact_observed_n,contact_censored_n,precontact_attempts_per_melee_including_censored,precontact_hits_per_melee_including_censored,turns,walking_only_fraction,idle_fraction,attack_hit_rate,mean_denied_turns,mean_slowed_turns,casts,interrupts,burst_damage,mean_walls
core/A/fighter_archer/open,128,128,0,0,0,1.0,0.9709,1.0,5.359,1.0,1.406,128,0,0.594,0.422,1320,0.0394,0.0,0.762,0,0,0,0,0,0
core/A/fighter_archer/moderate,128,127,1,0,0,0.9922,0.9571,0.9986,5.766,2.0,1.852,128,0,0.664,0.43,1418,0.1248,0.0,0.7436,0,0,0,0,0,11.28
core/A/fighter_archer/dense,128,128,0,0,0,1.0,0.9709,1.0,5.93,2.0,2.18,128,0,0.633,0.391,1464,0.1858,0.0,0.7224,0,0,0,0,0,25.45
core/A/fighter_archer/objective,128,115,13,0,0,0.8984,0.834,0.9397,5.258,2,1.811,127,1,1.203,0.688,1296,0.098,0.0039,0.6288,0,0,0,0,0,13.64
core/A/fighter_rogue/open,128,112,16,0,0,0.875,0.8066,0.9216,5.477,1.0,1.191,256,0,0,0,1357,0.0361,0.0,0.6812,0,0,0,0,0,0
core/A/fighter_rogue/moderate,128,112,16,0,0,0.875,0.8066,0.9216,5.461,1.0,1.258,256,0,0,0,1353,0.0488,0.0,0.684,0,0,0,0,0,11.28
core/A/fighter_rogue/dense,128,115,13,0,0,0.8984,0.834,0.9397,5.508,1.0,1.398,256,0,0,0,1366,0.0739,0.0007,0.6864,0,0,0,0,0,25.45
core/A/fighter_rogue/objective,128,89,39,0,0,0.6953,0.6108,0.7684,4.438,1.0,1.297,256,0,0,0,1094,0.085,0.0,0.6893,0,0,0,0,0,13.64
core/A/rogue_archer/open,128,128,0,0,0,1.0,0.9709,1.0,6.156,1.0,1,128,0,0.438,0.359,1504,0.0,0.0,0.769,0,0,0,0,0,0
core/A/rogue_archer/moderate,128,127,1,0,0,0.9922,0.9571,0.9986,5.188,1.0,1.312,128,0,0.398,0.32,1260,0.273,0.0,0.764,0,0,0,0,0,11.28
core/A/rogue_archer/dense,128,126,2,0,0,0.9844,0.9448,0.9957,5.398,1.5,1.602,128,0,0.352,0.25,1312,0.3155,0.0,0.7318,0,0,0,0,0,25.45
core/A/rogue_archer/objective,128,98,30,0,0,0.7656,0.6852,0.8306,5.047,1,1.189,127,1,0.5,0.352,1216,0.0584,0.0033,0.6695,0,0,0,0,0,13.64
core/A/mage_fighter/open,128,0,128,0,0,0.0,0.0,0.0291,4.25,1.0,1.438,128,0,0.562,0.391,1032,0.0543,0.0,0.7732,0,0,0,0,0,0
core/A/mage_fighter/moderate,128,0,128,0,0,0.0,0.0,0.0291,4.242,1.0,1.445,128,0,0.516,0.367,1031,0.0727,0.0,0.774,0,0,0,0,0,11.28
core/A/mage_fighter/dense,128,0,128,0,0,0.0,0.0,0.0291,4.234,1.0,1.5,128,0,0.461,0.297,1026,0.1072,0.0019,0.7474,0,0,0,0,0,25.45
core/A/mage_fighter/objective,128,3,125,0,0,0.0234,0.008,0.0666,3.781,1.0,1.477,128,0,0.547,0.383,915,0.1355,0.0011,0.6537,0,0,0,0,0,13.64
core/A/mage_monk/open,128,0,128,0,0,0.0,0.0,0.0291,4.867,1.0,1,128,0,0.406,0.273,1170,0.0,0.0,0.763,0,0,0,0,0,0
core/A/mage_monk/moderate,128,0,128,0,0,0.0,0.0,0.0291,4.969,1.0,1.125,128,0,0.305,0.219,1196,0.0251,0.0,0.766,0,0,0,0,0,11.28
core/A/mage_monk/dense,128,0,128,0,0,0.0,0.0,0.0291,5.023,1.0,1.336,128,0,0.25,0.172,1213,0.0618,0.0,0.7457,0,0,0,0,0,25.45
core/A/mage_monk/objective,128,13,115,0,0,0.1016,0.0603,0.166,4.297,1.0,1.156,128,0,0.305,0.211,1025,0.082,0.0,0.6806,0,0,0,0,0,13.64
core/A/monk_archer/open,128,128,0,0,0,1.0,0.9709,1.0,5.188,1.0,1,128,0,0.438,0.359,1256,0.0,0.0,0.7736,0,0,0,0,0,0
core/A/monk_archer/moderate,128,127,1,0,0,0.9922,0.9571,0.9986,4.023,1.0,1.141,128,0,0.375,0.297,959,0.219,0.0,0.7704,0,0,0,0,0,11.28
core/A/monk_archer/dense,128,128,0,0,0,1.0,0.9709,1.0,4.141,1.0,1.336,128,0,0.32,0.234,994,0.2505,0.0,0.7551,0,0,0,0,0,25.45
core/A/monk_archer/objective,128,112,16,0,0,0.875,0.8066,0.9216,4.578,1.0,1.18,128,0,0.5,0.344,1103,0.0526,0.0,0.6772,0,0,0,0,0,13.64
core/A/party/open,128,112,16,0,0,0.875,0.8066,0.9216,7.398,1.0,1.326,384,0,0.193,0.135,4235,0.0885,0.0,0.7082,0,1.82,49,0,16,0
core/A/party/moderate,128,117,11,0,0,0.9141,0.8527,0.9513,7.461,1.0,1.396,384,0,0.159,0.102,4263,0.129,0.0,0.6842,0,1.828,30,0,32,9.58
core/A/party/dense,128,109,19,0,0,0.8516,0.7798,0.9029,7.68,2,1.582,383,1,0.18,0.109,4384,0.1464,0.0064,0.6915,0,1.734,23,0,32,21.72
core/A/party/objective,128,98,30,0,0,0.7656,0.6852,0.8306,6.297,1.0,1.396,384,0,0.023,0.008,3643,0.0969,0.0022,0.6934,0,1.766,99,8,112,11.69
core/B/fighter_archer/open,128,128,0,0,0,1.0,0.9709,1.0,5.359,1.0,1.406,128,0,0.594,0.422,1320,0.0394,0.0,0.762,0,0,0,0,0,0
core/B/fighter_archer/moderate,128,125,3,0,0,0.9766,0.9334,0.992,5.547,2.0,1.727,128,0,0.812,0.508,1371,0.0751,0.0,0.7298,0,0,0,0,0,11.28
core/B/fighter_archer/dense,128,117,3,8,0,0.9141,0.8527,0.9513,6.797,2.0,1.958,120,8,0.797,0.477,1692,0.1294,0.1862,0.7082,0,0,0,0,0,25.45
core/B/fighter_archer/objective,128,108,20,0,0,0.8438,0.771,0.8965,3.766,2.0,1.802,126,2,1.711,0.977,911,0.1262,0.0088,0.619,0,0,0,0,0,13.64
core/B/fighter_rogue/open,128,112,16,0,0,0.875,0.8066,0.9216,3.086,1.0,1.191,256,0,0,0,751,0.0652,0.0,0.6816,0,0,0,0,0,0
core/B/fighter_rogue/moderate,128,115,13,0,0,0.8984,0.834,0.9397,3.148,1.0,1.266,256,0,0,0,764,0.089,0.0,0.6823,0,0,0,0,0,11.28
core/B/fighter_rogue/dense,128,108,9,11,0,0.8438,0.771,0.8965,5.008,1.0,1.359,234,22,0,0,1243,0.0861,0.4063,0.6828,0,0,0,0,0,25.45
core/B/fighter_rogue/objective,128,115,13,0,0,0.8984,0.834,0.9397,3.219,1.0,1.29,252,4,0,0,780,0.1128,0.0103,0.6836,0,0,0,0,0,13.64
core/B/rogue_archer/open,128,128,0,0,0,1.0,0.9709,1.0,6.156,1.0,1,128,0,0.438,0.359,1504,0.0,0.0,0.769,0,0,0,0,0,0
core/B/rogue_archer/moderate,128,124,4,0,0,0.9688,0.9224,0.9878,6.195,1.0,1.281,128,0,0.43,0.336,1516,0.0297,0.0,0.7483,0,0,0,0,0,11.28
core/B/rogue_archer/dense,128,120,6,2,0,0.9375,0.8815,0.968,6.508,2.0,1.587,126,2,0.43,0.289,1597,0.0708,0.0557,0.7037,0,0,0,0,0,25.45
core/B/rogue_archer/objective,128,76,52,0,0,0.5938,0.5071,0.6749,3.805,1.0,1.175,126,2,0.578,0.414,898,0.0457,0.0089,0.6452,0,0,0,0,0,13.64
core/B/mage_fighter/open,128,0,128,0,0,0.0,0.0,0.0291,4.25,1.0,1.438,128,0,0.562,0.391,1032,0.0543,0.0,0.7732,0,0,0,0,0,0
core/B/mage_fighter/moderate,128,1,126,1,0,0.0078,0.0014,0.0429,4.383,1,1.441,127,1,0.602,0.43,1068,0.0702,0.044,0.7727,0,0,0,0,0,11.28
core/B/mage_fighter/dense,128,1,116,11,0,0.0078,0.0014,0.0429,5.891,1,1.462,117,11,0.547,0.352,1460,0.0788,0.3493,0.7371,0,0,0,0,0,25.45
core/B/mage_fighter/objective,128,5,123,0,0,0.0391,0.0168,0.0882,3.234,1,1.448,125,3,0.984,0.664,772,0.1127,0.0142,0.6461,0,0,0,0,0,13.64
core/B/mage_monk/open,128,0,128,0,0,0.0,0.0,0.0291,4.867,1.0,1,128,0,0.406,0.273,1170,0.0,0.0,0.763,0,0,0,0,0,0
core/B/mage_monk/moderate,128,0,128,0,0,0.0,0.0,0.0291,4.953,1.0,1.125,128,0,0.328,0.234,1192,0.0252,0.0,0.7665,0,0,0,0,0,11.28
core/B/mage_monk/dense,128,5,117,6,0,0.0391,0.0168,0.0882,5.789,1.0,1.336,122,6,0.289,0.203,1415,0.0551,0.1986,0.7415,0,0,0,0,0,25.45
core/B/mage_monk/objective,128,25,103,0,0,0.1953,0.1359,0.2724,3.625,1.0,1.143,126,2,0.461,0.32,845,0.0533,0.0083,0.6712,0,0,0,0,0,13.64
core/B/monk_archer/open,128,128,0,0,0,1.0,0.9709,1.0,5.188,1.0,1,128,0,0.438,0.359,1256,0.0,0.0,0.7736,0,0,0,0,0,0
core/B/monk_archer/moderate,128,125,3,0,0,0.9766,0.9334,0.992,5.188,1.0,1.141,128,0,0.383,0.305,1257,0.0207,0.0,0.7573,0,0,0,0,0,11.28
core/B/monk_archer/dense,128,124,2,2,0,0.9688,0.9224,0.9878,5.578,1.0,1.429,126,2,0.359,0.258,1359,0.067,0.067,0.7148,0,0,0,0,0,25.45
core/B/monk_archer/objective,128,101,27,0,0,0.7891,0.7105,0.8508,3.586,1,1.165,127,1,0.594,0.422,844,0.0391,0.0047,0.6514,0,0,0,0,0,13.64
core/B/party/open,128,94,34,0,0,0.7344,0.6518,0.8032,5.766,1,1.301,379,5,0.279,0.198,3090,0.0748,0.0,0.7092,0,1.688,50,0,16,0
core/B/party/moderate,128,89,39,0,0,0.6953,0.6108,0.7684,5.984,1.0,1.393,382,2,0.305,0.206,3177,0.0954,0.0025,0.6951,0,1.648,36,1,0,9.58
core/B/party/dense,128,81,35,12,0,0.6328,0.5466,0.7113,7.875,2.0,1.638,362,22,0.383,0.219,4258,0.0953,0.2452,0.6813,0,1.594,36,3,80,21.72
core/B/party/objective,128,82,46,0,0,0.6406,0.5545,0.7185,4.641,1.0,1.423,378,6,0.112,0.062,2619,0.0779,0.0099,0.6849,0,1.672,82,9,16,11.69
core/C/fighter_archer/open,128,124,4,0,0,0.9688,0.9224,0.9878,3.25,1.0,1,128,0,1.188,0.641,776,0.0,0.0,0.6441,0,0,0,0,0,0
core/C/fighter_archer/moderate,128,122,6,0,0,0.9531,0.9015,0.9783,3.469,1.0,1.117,128,0,1.219,0.68,834,0.0192,0.0,0.6305,0,0,0,0,0,11.28
core/C/fighter_archer/dense,128,115,5,8,0,0.8984,0.834,0.9397,4.898,1.0,1.267,120,8,1.102,0.633,1208,0.096,0.2608,0.6198,0,0,0,0,0,25.45
core/C/fighter_archer/objective,128,115,13,0,0,0.8984,0.834,0.9397,3.211,1,1.118,127,1,1.305,0.703,769,0.0247,0.0052,0.4929,0,0,0,0,0,13.64
core/C/fighter_rogue/open,128,111,17,0,0,0.8672,0.7976,0.9154,3.031,1.0,1,256,0,0,0,722,0.0,0.0,0.4598,0,0,0,0,0,0
core/C/fighter_rogue/moderate,128,110,18,0,0,0.8594,0.7886,0.9092,3.094,1.0,1.066,256,0,0,0,739,0.0257,0.0,0.4553,0,0,0,0,0,11.28
core/C/fighter_rogue/dense,128,101,16,11,0,0.7891,0.7105,0.8508,4.914,1.0,1.15,246,10,0,0,1212,0.0462,0.4167,0.4602,0,0,0,0,0,25.45
core/C/fighter_rogue/objective,128,98,30,0,0,0.7656,0.6852,0.8306,3.008,1,1.071,255,1,0,0,725,0.051,0.011,0.4971,0,0,0,0,0,13.64
core/C/rogue_archer/open,128,89,39,0,0,0.6953,0.6108,0.7684,3.578,1.0,1,128,0,0.875,0.547,831,0.0,0.0,0.6538,0,0,0,0,0,0
core/C/rogue_archer/moderate,128,86,42,0,0,0.6719,0.5866,0.7472,3.719,1.0,1.008,128,0,0.828,0.539,866,0.0069,0.0,0.6388,0,0,0,0,0,11.28
core/C/rogue_archer/dense,128,88,38,2,0,0.6875,0.6027,0.7613,4.219,1,1.126,127,1,0.703,0.469,1003,0.0469,0.0907,0.6252,0,0,0,0,0,25.45
core/C/rogue_archer/objective,128,90,38,0,0,0.7031,0.619,0.7754,3.453,1.0,1.016,128,0,0.812,0.539,808,0.0173,0.005,0.5047,0,0,0,0,0,13.64
core/C/mage_fighter/open,128,3,125,0,0,0.0234,0.008,0.0666,2.727,1.0,1,128,0,1.125,0.57,639,0.0,0.0,0.6522,0,0,0,0,0,0
core/C/mage_fighter/moderate,128,2,125,1,0,0.0156,0.0043,0.0552,2.922,1,1.087,127,1,1.062,0.57,691,0.0188,0.068,0.6518,0,0,0,0,0,11.28
core/C/mage_fighter/dense,128,0,117,11,0,0.0,0.0,0.0291,4.633,1,1.202,119,9,0.914,0.469,1139,0.0448,0.4478,0.6532,0,0,0,0,0,25.45
core/C/mage_fighter/objective,128,3,125,0,0,0.0234,0.008,0.0666,2.672,1.0,1.125,128,0,1.148,0.602,628,0.0334,0.0175,0.5512,0,0,0,0,0,13.64
core/C/mage_monk/open,128,14,114,0,0,0.1094,0.0663,0.1752,2.992,1.0,1,128,0,0.812,0.414,678,0.0,0.0,0.6667,0,0,0,0,0,0
core/C/mage_monk/moderate,128,12,116,0,0,0.0938,0.0544,0.1567,3.039,1.0,1.008,128,0,0.711,0.367,694,0.0029,0.0,0.6647,0,0,0,0,0,11.28
core/C/mage_monk/dense,128,8,114,6,0,0.0625,0.032,0.1185,4.125,1,1.039,127,1,0.578,0.289,980,0.0255,0.2867,0.6694,0,0,0,0,0,25.45
core/C/mage_monk/objective,128,16,112,0,0,0.125,0.0784,0.1934,2.844,1.0,1.008,128,0,0.695,0.359,648,0.0123,0.0108,0.5525,0,0,0,0,0,13.64
core/C/monk_archer/open,128,110,18,0,0,0.8594,0.7886,0.9092,3.227,1.0,1,128,0,0.875,0.547,742,0.0,0.0,0.6594,0,0,0,0,0,0
core/C/monk_archer/moderate,128,111,17,0,0,0.8672,0.7976,0.9154,3.281,1.0,1.008,128,0,0.82,0.539,757,0.0013,0.0,0.646,0,0,0,0,0,11.28
core/C/monk_archer/dense,128,113,13,2,0,0.8828,0.8156,0.9277,3.758,1.0,1.031,128,0,0.633,0.43,882,0.0374,0.1032,0.6524,0,0,0,0,0,25.45
core/C/monk_archer/objective,128,107,21,0,0,0.8359,0.7622,0.8901,3.117,1.0,1.008,128,0,0.812,0.539,716,0.0056,0.007,0.5236,0,0,0,0,0,13.64
core/C/party/open,128,95,33,0,0,0.7422,0.6601,0.8101,4.344,1.0,1.005,384,0,0.224,0.125,2363,0.0072,0.0,0.55,0,1.398,39,2,0,0
core/C/party/moderate,128,86,42,0,0,0.6719,0.5866,0.7472,4.531,1,1.047,383,1,0.18,0.091,2454,0.0175,0.0016,0.5283,0,1.375,28,2,0,9.58
core/C/party/dense,128,81,38,9,0,0.6328,0.5466,0.7113,6.141,1,1.148,371,13,0.19,0.107,3396,0.0483,0.2792,0.5381,0,1.297,25,5,0,21.72
core/C/party/objective,128,84,44,0,0,0.6562,0.5705,0.7329,4.086,1.0,1.062,384,0,0.042,0.018,2265,0.0278,0.0119,0.5235,0,1.523,77,14,16,11.69
ablation/no_charge/fighter_archer/open,128,128,0,0,0,1.0,0.9709,1.0,5.953,2.0,2,128,0,0.594,0.422,1472,0.087,0.0,0.762,0,0,0,0,0,0
ablation/no_charge/fighter_archer/moderate,128,127,1,0,0,0.9922,0.9571,0.9986,6.164,2.0,2.25,128,0,0.68,0.445,1521,0.1545,0.0,0.7436,0,0,0,0,0,11.28
ablation/no_charge/fighter_archer/dense,128,128,0,0,0,1.0,0.9709,1.0,6.188,2.0,2.445,128,0,0.672,0.406,1533,0.2022,0.0,0.7183,0,0,0,0,0,25.45
ablation/no_charge/fighter_archer/objective,128,114,14,0,0,0.8906,0.8248,0.9337,5.414,2,1.984,127,1,1.375,0.75,1335,0.1116,0.0037,0.6282,0,0,0,0,0,13.64
ablation/no_dash/fighter_archer/open,128,106,22,0,0,0.8281,0.7535,0.8837,5.547,1.0,1.283,106,22,2.062,1.328,1390,0.1353,0.0,0.7277,0,0,0,0,0,0
ablation/no_dash/fighter_archer/moderate,128,98,30,0,0,0.7656,0.6852,0.8306,6.891,2.0,2.68,100,28,3.422,1.969,1707,0.2378,0.0012,0.6744,0,0,0,0,0,11.28
ablation/no_dash/fighter_archer/dense,128,107,13,8,0,0.8359,0.7622,0.8901,7.977,3.0,3.191,110,18,2.516,1.453,1995,0.2195,0.1599,0.6753,0,0,0,0,0,25.45
ablation/no_dash/fighter_archer/objective,128,114,14,0,0,0.8906,0.8248,0.9337,5.391,2,1.872,125,3,1.289,0.781,1334,0.1004,0.0105,0.6279,0,0,0,0,0,13.64
ablation/neither/fighter_archer/open,128,0,128,0,0,0.0,0.0,0.0291,7.273,,,0,128,7.273,4.672,1786,0.4787,0.0,0.6423,0,0,0,0,0,0
ablation/neither/fighter_archer/moderate,128,64,64,0,0,0.5,0.4147,0.5853,8.148,4.0,4.7,70,58,5.758,3.344,2014,0.35,0.001,0.6374,0,0,0,0,0,11.28
ablation/neither/fighter_archer/dense,128,93,27,8,0,0.7266,0.6436,0.7963,8.766,4.0,4.353,102,26,3.734,2.211,2191,0.272,0.1456,0.658,0,0,0,0,0,25.45
ablation/neither/fighter_archer/objective,128,113,15,0,0,0.8828,0.8156,0.9277,5.477,2,2.048,125,3,1.461,0.867,1355,0.1151,0.0103,0.6319,0,0,0,0,0,13.64
ablation/no_reactions/fighter_archer/open,128,0,0,128,0,0.0,0.0,0.0291,24,1.0,1,76,52,0.594,0.422,6144,0.9753,0.0,0.7566,0,0,0,0,0,0
ablation/no_reactions/fighter_archer/moderate,128,33,12,83,0,0.2578,0.1899,0.3399,20.797,1,2.79,81,47,1.195,0.758,5304,0.9046,0.0,0.6621,0,0,0,0,0,11.28
ablation/no_reactions/fighter_archer/dense,128,46,5,77,0,0.3594,0.2815,0.4455,18.891,3.0,3.521,94,34,1.031,0.586,4813,0.8772,0.0,0.6582,0,0,0,0,0,25.45
ablation/no_reactions/fighter_archer/objective,128,113,15,0,0,0.8828,0.8156,0.9277,5.164,2,1.811,127,1,1.234,0.695,1287,0.1228,0.0039,0.6593,0,0,0,0,0,13.64
ablation/no_cover/fighter_archer/open,128,128,0,0,0,1.0,0.9709,1.0,5.359,1.0,1.406,128,0,0.594,0.422,1320,0.0394,0.0,0.762,0,0,0,0,0,0
ablation/no_cover/fighter_archer/moderate,128,127,1,0,0,0.9922,0.9571,0.9986,5.766,2.0,1.852,128,0,0.664,0.445,1418,0.1248,0.0,0.749,0,0,0,0,0,11.28
ablation/no_cover/fighter_archer/dense,128,128,0,0,0,1.0,0.9709,1.0,5.93,2.0,2.18,128,0,0.633,0.406,1464,0.1858,0.0,0.7262,0,0,0,0,0,25.45
ablation/no_cover/fighter_archer/objective,128,115,13,0,0,0.8984,0.834,0.9397,5.258,2,1.811,127,1,1.203,0.727,1296,0.098,0.0039,0.633,0,0,0,0,0,13.64
geometry/10/4/6/4,32,32,0,0,0,1.0,0.8928,1.0,5.094,1.0,1,32,0,0.625,0.5,314,0.0,0.0,0.7486,0,0,0,0,0,0
geometry/10/4/6/5,32,32,0,0,0,1.0,0.8928,1.0,5.094,1.0,1,32,0,0.625,0.5,314,0.0,0.0,0.7486,0,0,0,0,0,0
geometry/10/4/8/4,32,32,0,0,0,1.0,0.8928,1.0,5.406,1.0,1.312,32,0,0.625,0.5,334,0.0299,0.0,0.7486,0,0,0,0,0,0
geometry/10/4/8/5,32,32,0,0,0,1.0,0.8928,1.0,5.406,1.0,1.312,32,0,0.625,0.5,334,0.0299,0.0,0.7486,0,0,0,0,0,0
geometry/10/4/10/4,32,32,0,0,0,1.0,0.8928,1.0,5.344,1.0,1,12,20,0,0,322,0.9627,0.0,0.7423,0,0,0,0,0,0
geometry/10/4/10/5,32,32,0,0,0,1.0,0.8928,1.0,5.344,1.0,1,12,20,0,0,322,0.9627,0.0,0.7423,0,0,0,0,0,0
geometry/10/6/6/4,32,32,0,0,0,1.0,0.8928,1.0,5.094,1.0,1,32,0,0.625,0.5,314,0.0,0.0,0.7486,0,0,0,0,0,0
geometry/10/6/6/5,32,32,0,0,0,1.0,0.8928,1.0,5.094,1.0,1,32,0,0.625,0.5,314,0.0,0.0,0.7486,0,0,0,0,0,0
geometry/10/6/8/4,32,32,0,0,0,1.0,0.8928,1.0,5.406,1.0,1.312,32,0,0.625,0.5,334,0.0299,0.0,0.7486,0,0,0,0,0,0
geometry/10/6/8/5,32,32,0,0,0,1.0,0.8928,1.0,5.406,1.0,1.312,32,0,0.625,0.5,334,0.0299,0.0,0.7486,0,0,0,0,0,0
geometry/10/6/10/4,32,32,0,0,0,1.0,0.8928,1.0,5.344,1.0,1,12,20,0.625,0.5,322,0.9006,0.0,0.7486,0,0,0,0,0,0
geometry/10/6/10/5,32,32,0,0,0,1.0,0.8928,1.0,5.344,1.0,1,12,20,0.625,0.5,322,0.9006,0.0,0.7486,0,0,0,0,0,0
geometry/12/4/6/4,32,32,0,0,0,1.0,0.8928,1.0,5.094,1.0,1,32,0,0.625,0.5,314,0.0,0.0,0.7486,0,0,0,0,0,0
geometry/12/4/6/5,32,32,0,0,0,1.0,0.8928,1.0,5.094,1.0,1,32,0,0.625,0.5,314,0.0,0.0,0.7486,0,0,0,0,0,0
geometry/12/4/8/4,32,32,0,0,0,1.0,0.8928,1.0,5.406,1.0,1.312,32,0,0.625,0.5,334,0.0299,0.0,0.7486,0,0,0,0,0,0
geometry/12/4/8/5,32,32,0,0,0,1.0,0.8928,1.0,5.406,1.0,1.312,32,0,0.625,0.5,334,0.0299,0.0,0.7486,0,0,0,0,0,0
geometry/12/4/10/4,32,32,0,0,0,1.0,0.8928,1.0,5.344,1.0,1,12,20,0,0,322,0.9627,0.0,0.7423,0,0,0,0,0,0
geometry/12/4/10/5,32,32,0,0,0,1.0,0.8928,1.0,5.344,1.0,1,12,20,0,0,322,0.9627,0.0,0.7423,0,0,0,0,0,0
geometry/12/6/6/4,32,32,0,0,0,1.0,0.8928,1.0,5.094,1.0,1,32,0,0.625,0.5,314,0.0,0.0,0.7486,0,0,0,0,0,0
geometry/12/6/6/5,32,32,0,0,0,1.0,0.8928,1.0,5.094,1.0,1,32,0,0.625,0.5,314,0.0,0.0,0.7486,0,0,0,0,0,0
geometry/12/6/8/4,32,32,0,0,0,1.0,0.8928,1.0,5.406,1.0,1.312,32,0,0.625,0.5,334,0.0299,0.0,0.7486,0,0,0,0,0,0
geometry/12/6/8/5,32,32,0,0,0,1.0,0.8928,1.0,5.406,1.0,1.312,32,0,0.625,0.5,334,0.0299,0.0,0.7486,0,0,0,0,0,0
geometry/12/6/10/4,32,32,0,0,0,1.0,0.8928,1.0,5.344,1.0,1.455,22,10,0.625,0.5,322,0.8385,0.0,0.7486,0,0,0,0,0,0
geometry/12/6/10/5,32,32,0,0,0,1.0,0.8928,1.0,5.344,1.0,1.455,22,10,0.625,0.5,322,0.8385,0.0,0.7486,0,0,0,0,0,0
geometry/12/8/6/4,32,32,0,0,0,1.0,0.8928,1.0,5.469,1.0,1.375,32,0,0.625,0.5,338,0.0355,0.0,0.7486,0,0,0,0,0,0
geometry/12/8/6/5,32,32,0,0,0,1.0,0.8928,1.0,5.094,1.0,1,32,0,0.625,0.5,314,0.0,0.0,0.7486,0,0,0,0,0,0
geometry/12/8/8/4,32,32,0,0,0,1.0,0.8928,1.0,6.094,2.0,2,32,0,0.625,0.5,378,0.0847,0.0,0.7486,0,0,0,0,0,0
geometry/12/8/8/5,32,32,0,0,0,1.0,0.8928,1.0,5.094,1.0,1,32,0,0.625,0.5,314,0.0,0.0,0.7486,0,0,0,0,0,0
geometry/12/8/10/4,32,32,0,0,0,1.0,0.8928,1.0,5.719,,,0,32,0.625,0.5,346,0.9422,0.0,0.7486,0,0,0,0,0,0
geometry/12/8/10/5,32,32,0,0,0,1.0,0.8928,1.0,5.344,1.0,1,12,20,0.625,0.5,322,0.9006,0.0,0.7486,0,0,0,0,0,0
geometry/14/4/6/4,32,32,0,0,0,1.0,0.8928,1.0,5.094,1.0,1,32,0,0.625,0.5,314,0.0,0.0,0.7486,0,0,0,0,0,0
geometry/14/4/6/5,32,32,0,0,0,1.0,0.8928,1.0,5.094,1.0,1,32,0,0.625,0.5,314,0.0,0.0,0.7486,0,0,0,0,0,0
geometry/14/4/8/4,32,32,0,0,0,1.0,0.8928,1.0,5.406,1.0,1.312,32,0,0.625,0.5,334,0.0299,0.0,0.7486,0,0,0,0,0,0
geometry/14/4/8/5,32,32,0,0,0,1.0,0.8928,1.0,5.406,1.0,1.312,32,0,0.625,0.5,334,0.0299,0.0,0.7486,0,0,0,0,0,0
geometry/14/4/10/4,32,32,0,0,0,1.0,0.8928,1.0,5.344,1.0,1,12,20,0,0,322,0.9627,0.0,0.7423,0,0,0,0,0,0
geometry/14/4/10/5,32,32,0,0,0,1.0,0.8928,1.0,5.344,1.0,1,12,20,0,0,322,0.9627,0.0,0.7423,0,0,0,0,0,0
geometry/14/6/6/4,32,32,0,0,0,1.0,0.8928,1.0,5.094,1.0,1,32,0,0.625,0.5,314,0.0,0.0,0.7486,0,0,0,0,0,0
geometry/14/6/6/5,32,32,0,0,0,1.0,0.8928,1.0,5.094,1.0,1,32,0,0.625,0.5,314,0.0,0.0,0.7486,0,0,0,0,0,0
geometry/14/6/8/4,32,32,0,0,0,1.0,0.8928,1.0,5.406,1.0,1.312,32,0,0.625,0.5,334,0.0299,0.0,0.7486,0,0,0,0,0,0
geometry/14/6/8/5,32,32,0,0,0,1.0,0.8928,1.0,5.406,1.0,1.312,32,0,0.625,0.5,334,0.0299,0.0,0.7486,0,0,0,0,0,0
geometry/14/6/10/4,32,32,0,0,0,1.0,0.8928,1.0,5.344,1.0,1,12,20,0.625,0.5,322,0.9006,0.0,0.7486,0,0,0,0,0,0
geometry/14/6/10/5,32,32,0,0,0,1.0,0.8928,1.0,5.344,1.0,1,12,20,0.625,0.5,322,0.9006,0.0,0.7486,0,0,0,0,0,0
geometry/14/8/6/4,32,32,0,0,0,1.0,0.8928,1.0,5.469,1.0,1.375,32,0,0.625,0.5,338,0.0355,0.0,0.7486,0,0,0,0,0,0
geometry/14/8/6/5,32,32,0,0,0,1.0,0.8928,1.0,5.094,1.0,1,32,0,0.625,0.5,314,0.0,0.0,0.7486,0,0,0,0,0,0
geometry/14/8/8/4,32,32,0,0,0,1.0,0.8928,1.0,6.094,2.0,2,32,0,0.625,0.5,378,0.0847,0.0,0.7486,0,0,0,0,0,0
geometry/14/8/8/5,32,32,0,0,0,1.0,0.8928,1.0,5.094,1.0,1,32,0,0.625,0.5,314,0.0,0.0,0.7486,0,0,0,0,0,0
geometry/14/8/10/4,32,32,0,0,0,1.0,0.8928,1.0,5.719,,,0,32,0.625,0.5,346,0.9422,0.0,0.7486,0,0,0,0,0,0
geometry/14/8/10/5,32,32,0,0,0,1.0,0.8928,1.0,5.344,1.0,1,12,20,0.625,0.5,322,0.9006,0.0,0.7486,0,0,0,0,0,0
geometry/14/10/6/4,32,32,0,0,0,1.0,0.8928,1.0,5.469,1.0,1.375,32,0,1,0.656,338,0.0355,0.0,0.7282,0,0,0,0,0,0
geometry/14/10/6/5,32,32,0,0,0,1.0,0.8928,1.0,5.469,1.0,1.375,32,0,0.625,0.5,338,0.0355,0.0,0.7486,0,0,0,0,0,0
geometry/14/10/8/4,32,32,0,0,0,1.0,0.8928,1.0,6.469,2.0,2.375,32,0,0.625,0.5,402,0.1393,0.0,0.7486,0,0,0,0,0,0
geometry/14/10/8/5,32,32,0,0,0,1.0,0.8928,1.0,5.469,1.0,1.375,32,0,0.625,0.5,338,0.0355,0.0,0.7486,0,0,0,0,0,0
geometry/14/10/10/4,32,32,0,0,0,1.0,0.8928,1.0,6.719,,,0,32,0.625,0.5,410,0.9512,0.0,0.7486,0,0,0,0,0,0
geometry/14/10/10/5,32,32,0,0,0,1.0,0.8928,1.0,5.719,,,0,32,0.625,0.5,346,0.9422,0.0,0.7486,0,0,0,0,0,0
geometry/16/4/6/4,32,32,0,0,0,1.0,0.8928,1.0,5.094,1.0,1,32,0,0.625,0.5,314,0.0,0.0,0.7486,0,0,0,0,0,0
geometry/16/4/6/5,32,32,0,0,0,1.0,0.8928,1.0,5.094,1.0,1,32,0,0.625,0.5,314,0.0,0.0,0.7486,0,0,0,0,0,0
geometry/16/4/8/4,32,32,0,0,0,1.0,0.8928,1.0,5.406,1.0,1.312,32,0,0.625,0.5,334,0.0299,0.0,0.7486,0,0,0,0,0,0
geometry/16/4/8/5,32,32,0,0,0,1.0,0.8928,1.0,5.406,1.0,1.312,32,0,0.625,0.5,334,0.0299,0.0,0.7486,0,0,0,0,0,0
geometry/16/4/10/4,32,32,0,0,0,1.0,0.8928,1.0,5.344,1.0,1,12,20,0,0,322,0.9627,0.0,0.7423,0,0,0,0,0,0
geometry/16/4/10/5,32,32,0,0,0,1.0,0.8928,1.0,5.344,1.0,1,12,20,0,0,322,0.9627,0.0,0.7423,0,0,0,0,0,0
geometry/16/6/6/4,32,32,0,0,0,1.0,0.8928,1.0,5.094,1.0,1,32,0,0.625,0.5,314,0.0,0.0,0.7486,0,0,0,0,0,0
geometry/16/6/6/5,32,32,0,0,0,1.0,0.8928,1.0,5.094,1.0,1,32,0,0.625,0.5,314,0.0,0.0,0.7486,0,0,0,0,0,0
geometry/16/6/8/4,32,32,0,0,0,1.0,0.8928,1.0,5.406,1.0,1.312,32,0,0.625,0.5,334,0.0299,0.0,0.7486,0,0,0,0,0,0
geometry/16/6/8/5,32,32,0,0,0,1.0,0.8928,1.0,5.406,1.0,1.312,32,0,0.625,0.5,334,0.0299,0.0,0.7486,0,0,0,0,0,0
geometry/16/6/10/4,32,32,0,0,0,1.0,0.8928,1.0,5.344,1.0,1,12,20,0.625,0.5,322,0.9006,0.0,0.7486,0,0,0,0,0,0
geometry/16/6/10/5,32,32,0,0,0,1.0,0.8928,1.0,5.344,1.0,1,12,20,0.625,0.5,322,0.9006,0.0,0.7486,0,0,0,0,0,0
geometry/16/8/6/4,32,32,0,0,0,1.0,0.8928,1.0,5.469,1.0,1.375,32,0,0.625,0.5,338,0.0355,0.0,0.7486,0,0,0,0,0,0
geometry/16/8/6/5,32,32,0,0,0,1.0,0.8928,1.0,5.094,1.0,1,32,0,0.625,0.5,314,0.0,0.0,0.7486,0,0,0,0,0,0
geometry/16/8/8/4,32,32,0,0,0,1.0,0.8928,1.0,6.094,2.0,2,32,0,0.625,0.5,378,0.0847,0.0,0.7486,0,0,0,0,0,0
geometry/16/8/8/5,32,32,0,0,0,1.0,0.8928,1.0,5.094,1.0,1,32,0,0.625,0.5,314,0.0,0.0,0.7486,0,0,0,0,0,0
geometry/16/8/10/4,32,32,0,0,0,1.0,0.8928,1.0,5.719,,,0,32,0.625,0.5,346,0.9422,0.0,0.7486,0,0,0,0,0,0
geometry/16/8/10/5,32,32,0,0,0,1.0,0.8928,1.0,5.344,1.0,1,12,20,0.625,0.5,322,0.9006,0.0,0.7486,0,0,0,0,0,0
geometry/16/10/6/4,32,32,0,0,0,1.0,0.8928,1.0,5.469,1.0,1.375,32,0,1,0.656,338,0.0355,0.0,0.7282,0,0,0,0,0,0
geometry/16/10/6/5,32,32,0,0,0,1.0,0.8928,1.0,5.469,1.0,1.375,32,0,0.625,0.5,338,0.0355,0.0,0.7486,0,0,0,0,0,0
geometry/16/10/8/4,32,32,0,0,0,1.0,0.8928,1.0,6.469,2.0,2.375,32,0,0.625,0.5,402,0.1393,0.0,0.7486,0,0,0,0,0,0
geometry/16/10/8/5,32,32,0,0,0,1.0,0.8928,1.0,5.469,1.0,1.375,32,0,0.625,0.5,338,0.0355,0.0,0.7486,0,0,0,0,0,0
geometry/16/10/10/4,32,32,0,0,0,1.0,0.8928,1.0,6.719,,,0,32,0.625,0.5,410,0.9512,0.0,0.7486,0,0,0,0,0,0
geometry/16/10/10/5,32,32,0,0,0,1.0,0.8928,1.0,5.719,,,0,32,0.625,0.5,346,0.9422,0.0,0.7486,0,0,0,0,0,0
initiative/individual,256,235,21,0,0,0.918,0.8779,0.9457,7.414,1.0,1.417,768,0,0.164,0.109,8483,0.1312,0.0002,0.6941,0,1.844,73,0,32,9.45
initiative/alternating,256,231,25,0,0,0.9023,0.8598,0.933,7.508,1.0,1.432,768,0,0.178,0.111,8546,0.1312,0.0007,0.6958,0,1.816,57,0,0,9.45
initiative/team,256,237,19,0,0,0.9258,0.887,0.952,7.395,1.0,1.418,768,0,0.173,0.118,8408,0.14,0.0008,0.7027,0,1.77,100,0,16,9.45
control/none,256,207,49,0,0,0.8086,0.756,0.8521,7.434,1.0,1.409,768,0,0.26,0.173,8346,0.1204,0.0001,0.6942,0,0,73,0,32,9.45
control/slow,256,235,21,0,0,0.918,0.8779,0.9457,7.414,1.0,1.417,768,0,0.164,0.109,8483,0.1312,0.0002,0.6941,0,1.844,73,0,32,9.45
control/stun,256,205,51,0,0,0.8008,0.7476,0.8451,8.133,1.0,1.511,752,16,0.275,0.186,9288,0.1069,0.0001,0.6923,1.902,0,69,1,64,9.45
lethality/A/0.65,128,121,7,0,0,0.9453,0.8914,0.9733,10.086,1.0,1.398,384,0,0.167,0.104,5906,0.1847,0.0019,0.6921,0,1.898,34,0,10,9.58
lethality/B/0.65,128,98,30,0,0,0.7656,0.6852,0.8306,8.305,1.0,1.404,384,0,0.271,0.185,4590,0.08,0.0035,0.6942,0,1.844,45,1,10,9.58
lethality/C/0.65,128,104,24,0,0,0.8125,0.7361,0.8706,6.375,1.0,1.052,384,0,0.172,0.086,3554,0.0191,0.0014,0.5318,0,1.633,36,8,10,9.58
lethality/A/1.0,128,117,11,0,0,0.9141,0.8527,0.9513,7.461,1.0,1.396,384,0,0.159,0.102,4263,0.129,0.0,0.6842,0,1.828,30,0,32,9.58
lethality/B/1.0,128,89,39,0,0,0.6953,0.6108,0.7684,5.984,1.0,1.393,382,2,0.305,0.206,3177,0.0954,0.0025,0.6951,0,1.648,36,1,0,9.58
lethality/C/1.0,128,86,42,0,0,0.6719,0.5866,0.7472,4.531,1,1.047,383,1,0.18,0.091,2454,0.0175,0.0016,0.5283,0,1.375,28,2,0,9.58
lethality/A/1.4,128,106,22,0,0,0.8281,0.7535,0.8837,6.055,1,1.381,383,1,0.169,0.099,3344,0.1127,0.0015,0.6904,0,1.703,0,0,0,9.58
lethality/B/1.4,128,72,56,0,0,0.5625,0.476,0.6454,4.586,1,1.338,367,17,0.302,0.203,2409,0.0922,0.0017,0.6794,0,1.625,0,0,0,9.58
lethality/C/1.4,128,86,42,0,0,0.6719,0.5866,0.7472,3.703,1.0,1.034,378,6,0.193,0.094,1897,0.0206,0.0005,0.5435,0,1.125,8,0,0,9.58
rogue/open_duel,128,112,16,0,0,0.875,0.8066,0.9216,5.477,1.0,1.191,256,0,0,0,1357,0.0361,0.0,0.6812,0,0,0,0,0,0
rogue/concealed_opening,128,104,24,0,0,0.8125,0.7361,0.8706,5.383,1.0,1.191,256,0,0,0,1329,0.0369,0.0,0.6805,0,0,0,0,0,0
rogue/broken_ground,128,115,13,0,0,0.8984,0.834,0.9397,5.508,1.0,1.398,256,0,0,0,1366,0.0739,0.0007,0.6864,0,0,0,0,0,25.45
rogue/objective,128,89,39,0,0,0.6953,0.6108,0.7684,4.438,1.0,1.297,256,0,0,0,1094,0.085,0.0,0.6893,0,0,0,0,0,13.64
rogue/ally_flank,128,94,34,0,0,0.7344,0.6518,0.8032,6.68,1.0,1.225,512,0,0,0,2850,0.0418,0.0,0.6667,0,0,0,0,0,0
rogue/protect_mage,128,100,28,0,0,0.7812,0.702,0.8441,6.383,1.0,1.191,256,0,0.125,0.102,2603,0.0649,0.0,0.7119,0,0,33,0,0,0
scale6/A/moderate,32,30,2,0,0,0.9375,0.7985,0.9827,9.156,2.0,1.724,192,0,0.339,0.193,2359,0.1967,0.0034,0.6834,0,3.406,12,1,0,17.12
scale6/A/objective,32,26,6,0,0,0.8125,0.6469,0.9111,6.312,2,1.831,183,9,0.161,0.104,1795,0.1682,0.0318,0.679,0,3.188,70,6,192,21.12
scale6/B/moderate,32,14,18,0,0,0.4375,0.2817,0.6067,7.125,2,1.765,183,9,0.594,0.359,1711,0.1485,0.014,0.6791,0,3.219,20,1,0,17.12
scale6/B/objective,32,20,12,0,0,0.625,0.4525,0.7707,4.781,2,1.855,173,19,0.578,0.333,1350,0.1667,0.0444,0.6758,0,3.062,55,6,80,21.12
scale6/C/moderate,32,23,9,0,0,0.7188,0.5463,0.8444,5.812,1,1.251,187,5,0.589,0.297,1366,0.0695,0.0022,0.5472,0,2.594,7,1,0,17.12
scale6/C/objective,32,24,8,0,0,0.75,0.5789,0.8675,4.531,1,1.22,191,1,0.302,0.151,1195,0.0778,0.0435,0.5225,0,2.594,42,4,16,21.12
